{
  "penguinpoints": [
    {
      "id": 0,
      "x": 472.92,
      "y": 83.26
    },
    {
      "id": 1,
      "x": 540.92,
      "y": 87.26
    },
    {
      "id": 2,
      "x": 608.92,
      "y": 159.26
    },
    {
      "id": 3,
      "x": 579.92,
      "y": 177.26
    },
    {
      "id": 4,
      "x": 538.92,
      "y": 193.26
    },
    {
      "id": 5,
      "x": 436.92,
      "y": 168.26
    },
    {
      "id": 6,
      "x": 381.92,
      "y": 151.26
    },
    {
      "id": 7,
      "x": 401.92,
      "y": 185.26
    },
    {
      "id": 8,
      "x": 442.92,
      "y": 235.26
    },
    {
      "id": 9,
      "x": 284.92,
      "y": 204.26
    },
    {
      "id": 10,
      "x": 414.92,
      "y": 292.26
    },
    {
      "id": 11,
      "x": 564.92,
      "y": 282.26
    },
    {
      "id": 12,
      "x": 622.92,
      "y": 259.26
    },
    {
      "id": 13,
      "x": 681.92,
      "y": 346.26
    },
    {
      "id": 14,
      "x": 624.92,
      "y": 343.26
    },
    {
      "id": 15,
      "x": 630.92,
      "y": 443.26
    },
    {
      "id": 16,
      "x": 605.92,
      "y": 487.26
    },
    {
      "id": 17,
      "x": 477.92,
      "y": 366.26
    },
    {
      "id": 18,
      "x": 475.92,
      "y": 415.26
    },
    {
      "id": 19,
      "x": 544.92,
      "y": 520.26
    },
    {
      "id": 20,
      "x": 673.92,
      "y": 536.26
    },
    {
      "id": 21,
      "x": 638.92,
      "y": 513.26
    },
    {
      "id": 22,
      "x": 769.92,
      "y": 581.26
    },
    {
      "id": 23,
      "x": 675.92,
      "y": 435.26
    },
    {
      "id": 24,
      "x": 746.92,
      "y": 756.26
    },
    {
      "id": 25,
      "x": 712.92,
      "y": 659.26
    },
    {
      "id": 26,
      "x": 656.92,
      "y": 630.26
    },
    {
      "id": 27,
      "x": 571.92,
      "y": 715.26
    },
    {
      "id": 28,
      "x": 507.92,
      "y": 145.26
    },
    {
      "id": 29,
      "x": 517.92,
      "y": 148.26
    },
    {
      "id": 30,
      "x": 520.92,
      "y": 156.26
    },
    {
      "id": 31,
      "x": 522.92,
      "y": 165.26
    },
    {
      "id": 32,
      "x": 518.92,
      "y": 172.26
    },
    {
      "id": 33,
      "x": 510.92,
      "y": 176.26
    },
    {
      "id": 34,
      "x": 499.92,
      "y": 174.26
    },
    {
      "id": 35,
      "x": 492.92,
      "y": 166.26
    },
    {
      "id": 36,
      "x": 493.92,
      "y": 155.26
    },
    {
      "id": 37,
      "x": 497.92,
      "y": 148.26
    },
    {
      "id": 38,
      "x": 371.92,
      "y": 458.26
    },
    {
      "id": 39,
      "x": 347.92,
      "y": 598.26
    },
    {
      "id": 40,
      "x": 333.92,
      "y": 513.26
    },
    {
      "id": 41,
      "x": 344.92,
      "y": 384.26
    },
    {
      "id": 42,
      "x": 344.92,
      "y": 554.26
    },
    {
      "id": 43,
      "x": 275.92,
      "y": 588.26
    },
    {
      "id": 44,
      "x": 313.92,
      "y": 476.26
    },
    {
      "id": 45,
      "x": 283.92,
      "y": 730.26
    },
    {
      "id": 46,
      "x": 351.92,
      "y": 652.26
    },
    {
      "id": 47,
      "x": 409.92,
      "y": 518.26
    },
    {
      "id": 48,
      "x": 424.92,
      "y": 675.26
    },
    {
      "id": 49,
      "x": 475.92,
      "y": 736.26
    },
    {
      "id": 50,
      "x": 521.92,
      "y": 675.26
    },
    {
      "id": 51,
      "x": 484.92,
      "y": 785.26
    },
    {
      "id": 52,
      "x": 414.92,
      "y": 866.26
    },
    {
      "id": 53,
      "x": 492.92,
      "y": 854.26
    },
    {
      "id": 54,
      "x": 611.92,
      "y": 935.26
    },
    {
      "id": 55,
      "x": 670.92,
      "y": 933.26
    },
    {
      "id": 56,
      "x": 645.92,
      "y": 894.26
    },
    {
      "id": 57,
      "x": 696.92,
      "y": 742.26
    },
    {
      "id": 58,
      "x": 459.92,
      "y": 922.26
    },
    {
      "id": 59,
      "x": 384.92,
      "y": 924.26
    },
    {
      "id": 60,
      "x": 313.92,
      "y": 927.26
    },
    {
      "id": 61,
      "x": 532.38,
      "y": 938.09
    },
    {
      "id": 62,
      "x": 612.38,
      "y": 861.09
    },
    {
      "id": 63,
      "x": 378.38,
      "y": 596.09
    },
    {
      "id": 64,
      "x": 394.38,
      "y": 719.09
    },
    {
      "id": 65,
      "x": 441.38,
      "y": 756.09
    },
    {
      "id": 66,
      "x": 388.38,
      "y": 786.09
    }
  ],
  "penguinedges": [
    [
      6,
      0
    ],
    [
      0,
      1
    ],
    [
      1,
      2
    ],
    [
      2,
      3
    ],
    [
      1,
      3
    ],
    [
      12,
      3
    ],
    [
      2,
      12
    ],
    [
      12,
      13
    ],
    [
      22,
      13
    ],
    [
      23,
      13
    ],
    [
      14,
      13
    ],
    [
      23,
      14
    ],
    [
      12,
      14
    ],
    [
      11,
      14
    ],
    [
      12,
      11
    ],
    [
      3,
      11
    ],
    [
      4,
      3
    ],
    [
      8,
      4
    ],
    [
      5,
      4
    ],
    [
      5,
      0
    ],
    [
      1,
      5
    ],
    [
      7,
      5
    ],
    [
      6,
      7
    ],
    [
      7,
      8
    ],
    [
      9,
      6
    ],
    [
      7,
      9
    ],
    [
      8,
      9
    ],
    [
      11,
      8
    ],
    [
      8,
      10
    ],
    [
      10,
      11
    ],
    [
      17,
      11
    ],
    [
      10,
      17
    ],
    [
      41,
      38
    ],
    [
      17,
      38
    ],
    [
      10,
      41
    ],
    [
      10,
      38
    ],
    [
      18,
      17
    ],
    [
      16,
      15
    ],
    [
      14,
      15
    ],
    [
      20,
      23
    ],
    [
      22,
      20
    ],
    [
      20,
      15
    ],
    [
      21,
      16
    ],
    [
      20,
      21
    ],
    [
      26,
      25
    ],
    [
      22,
      25
    ],
    [
      20,
      26
    ],
    [
      25,
      20
    ],
    [
      24,
      22
    ],
    [
      25,
      24
    ],
    [
      57,
      25
    ],
    [
      26,
      57
    ],
    [
      57,
      56
    ],
    [
      55,
      56
    ],
    [
      54,
      55
    ],
    [
      56,
      62
    ],
    [
      54,
      62
    ],
    [
      62,
      61
    ],
    [
      61,
      54
    ],
    [
      53,
      62
    ],
    [
      16,
      19
    ],
    [
      18,
      19
    ],
    [
      47,
      18
    ],
    [
      48,
      47
    ],
    [
      19,
      50
    ],
    [
      49,
      48
    ],
    [
      50,
      49
    ],
    [
      51,
      27
    ],
    [
      26,
      27
    ],
    [
      16,
      27
    ],
    [
      27,
      62
    ],
    [
      26,
      62
    ],
    [
      16,
      26
    ],
    [
      23,
      22
    ],
    [
      17,
      16
    ],
    [
      11,
      16
    ],
    [
      51,
      49
    ],
    [
      51,
      62
    ],
    [
      51,
      53
    ],
    [
      52,
      53
    ],
    [
      51,
      52
    ],
    [
      51,
      65
    ],
    [
      64,
      65
    ],
    [
      63,
      64
    ],
    [
      38,
      63
    ],
    [
      38,
      39
    ],
    [
      46,
      39
    ],
    [
      46,
      64
    ],
    [
      52,
      64
    ],
    [
      46,
      66
    ],
    [
      66,
      52
    ],
    [
      57,
      62
    ],
    [
      41,
      40
    ],
    [
      38,
      40
    ],
    [
      40,
      42
    ],
    [
      42,
      39
    ],
    [
      43,
      39
    ],
    [
      45,
      43
    ],
    [
      39,
      45
    ],
    [
      40,
      43
    ],
    [
      44,
      43
    ],
    [
      41,
      44
    ],
    [
      34,
      35
    ],
    [
      35,
      36
    ],
    [
      37,
      28
    ],
    [
      28,
      29
    ],
    [
      30,
      31
    ],
    [
      31,
      32
    ],
    [
      31,
      33
    ],
    [
      33,
      34
    ],
    [
      53,
      58
    ],
    [
      58,
      52
    ],
    [
      52,
      59
    ],
    [
      59,
      58
    ],
    [
      52,
      60
    ],
    [
      60,
      59
    ],
    [
      38,
      47
    ],
    [
      48,
      64
    ],
    [
      50,
      27
    ],
    [
      6,
      5
    ],
    [
      5,
      8
    ]
  ]
}